Months,,,,,,,,,,,,,,,,,,,,,,,JUNE,,,,,,,,,,,,,,,,,,,,,,
Weeks,,,,,Week 20,,,,,,Week 21,,,,,,,Week 22,,,,,,,Week 23,,,,,,,Week 24,,,,,,,Week 25,,,,,,
Day #,,,,,122,123,124,125,126,127,128,129,130,131,132,133,134,135,136,137,138,139,140,141,142,143,144,145,146,147,148,149,150,151,152,153,154,155,156,157,158,159,160,161,162
GAME,CHANNEL,Publisher,Release,SRP,5/1,5/2,5/3,5/4,5/5,5/6,5/7,5/8,5/9,5/10,5/11,5/12,5/13,5/14,5/15,5/16,5/17,5/18,5/19,5/20,5/21,5/22,5/23,5/24,5/25,5/26,5/27,5/28,5/29,5/30,5/31,6/1,6/2,6/3,6/4,6/5,6/6,6/7,6/8,6/9,6/10
Game 1,Steam,Atari,,$6.99,,,,,,,,,,,,,,,,,,,,,86,86,86,86,86,86,86,,,,,,,,,,,,,,
Game 2,Steam,Atari,,$6.99,,,,,,,,,,,,,,,,,,,,,86,86,86,86,86,86,86,,,,,,,,,,,,,,
Game 3,Steam,Atari,,$6.99,,,,,,,,,,,,,,,,,,,,,86,86,86,86,86,86,86,,,,,,,,,,,,,,
Game 4,Steam,Atari,,$9.99,,,,,,,,,,,,,,,,,,,,,60,60,60,60,60,60,60,,,,,,,,,,,,,,
Game 5,Steam,Atari,2/21/2023,$19.99,,,,,,,,,,,,,,,,,,,,,50,50,50,50,50,50,50,,,,,,,,,,,,,,
,Nintendo,Atari,2/21/2023,$19.99,,,,,,,,,,,,,,,,,,,,,,,,40,40,40,40,40,40,40,40,40,40,40,40,40,40,,,,
,Sony,Atari,2/21/2023,$19.99,,,,,,,,,,,,,,,,,,,,,,,40,40,40,40,40,40,40,40,40,40,40,40,40,40,40,,,,
Game 6,Steam,Atari,12/14/2021,$9.99,,,,,,,,,,,,,,,,,,,,,50,50,50,50,50,50,50,,,,,,,,,,,,,,
,Nintendo,Atari,12/14/2021,$9.99,,,,,,,,,,,,,,,,,,,,,,,,50,50,50,50,50,50,50,50,50,50,50,50,50,50,,,,
,Sony,Atari,12/14/2021,$9.99,,50,50,50,50,50,50,50,50,50,50,50,50,50,50,50,,,,,,,,,,,,,,,,,,,,,,,,,
Game 7,Steam,Atari,11/11/2022,$39.99,,,,,,,,,,,,,,,,,,,,,35,35,35,35,35,35,35,,,,,,,,,,,,,,
,Nintendo,Atari,11/11/2022,$39.99,,,,,,,,,,,,,,,,,,,,,,,,30,30,30,30,30,30,30,30,30,30,30,30,30,30,,,,
,Sony,Atari,11/11/2022,$39.99,,,,,,,,,,,,,,,,,,,,,,,30,30,30,30,30,30,30,30,30,30,30,30,30,30,30,,,,
Game 8,Nintendo,Atari,,$39.99,,,,,,,,,,,,,,,,,,,,,,,,,,,,,,,,,,,,,,,,,
Game 9,Sony,Atari,,$19.99,,,,,,,,,,,,,,,,,,,,,,,,,,,,,,,,,,,,,,50,50,50,50
Game 10,Sony,Atari,,$19.99,,,,,,,,,,,,,,,,,,,,,,,,,,,,,,,,,,,,,,50,50,50,50
Game 11,Sony,Atari,,$19.99,,,,,,,,,,,,,,,,,,,,,,,,,,,,,,,,,,,,,,50,50,50,50
Game 12,Steam,Atari,10/13/2022,$24.99,,,,,,,,,,,,,,,,,,,,,60,60,60,60,60,60,60,,,,,,,,,,,,,,
,Nintendo,Atari,10/13/2022,$24.99,,,,,,,,,,,,,,,,,,,,,,,,50,50,50,50,50,50,50,50,50,50,50,50,50,50,,,,
,Sony,Atari,10/13/2022,$24.99,,,,,,,,,,,,,,,,,,,,,,,50,50,50,50,50,50,50,50,50,50,50,50,50,50,50,,,,
Game 13,Steam,Atari,1/30/2024,$8.99,,,,,,,,,,,,,,,,,,,,,20,20,20,20,20,20,20,,,,,,,,,,,,,,
Game 14,Steam,Atari,11/8/2023,$9.99,,,,,,,,,,,,,,,,,,,,,,,,,,,,,,,,,,,,,,,,,
,Nintendo,Atari,11/8/2023,$9.99,,,,,,,,,,,,,,,,,,,,,,,,40,40,40,40,40,40,40,40,40,40,40,40,40,40,,,,
,Sony,Atari,11/8/2023,$9.99,,40,40,40,40,40,40,40,40,40,40,40,40,40,40,40,,,,,,,,,,,,,,,,,,,,,,,,,
Game 15,Steam,Atari,10/28/2021,$9.99,,,,,,,,,,,,,,,,,,,,,50,50,50,50,50,50,50,,,,,,,,,,,,,,
,Nintendo,Atari,10/28/2021,$9.99,,,,,,,,,,,,,,,,,,,,,,,,50,50,50,50,50,50,50,50,50,50,50,50,50,50,,,,
,Sony,Atari,10/28/2021,$9.99,,50,50,50,50,50,50,50,50,50,50,50,50,50,50,50,,,,,,,,,,,,,,,,,,,,,,,,,
Game 16,Steam,Atari,,$4.99,,,,,,,,,,,,,,,,,,,,,75,75,75,75,75,75,75,,,,,,,,,,,,,,
Game 17,Steam,Atari,5/9/2019,$9.99,,,,,,,,,,,,,,,,,,,,,66,66,66,66,66,66,66,,,,,,,,,,,,,,
Game 18,Steam,Atari,,$6.99,,,,,,,,,,,,,,,,,,,,,75,75,75,75,75,75,75,,,,,,,,,,,,,,
Game 19,Steam,Atari,2/10/2022,$9.99,,,,,,,,,,,,,,,,,,,,,60,60,60,60,60,60,60,,,,,,,,,,,,,,
,Nintendo,Atari,2/10/2022,$9.99,,,,,,,,,,,,,,,,,,,,,,,,50,50,50,50,50,50,50,50,50,50,50,50,50,50,,,,
,Sony,Atari,2/10/2022,$9.99,,50,50,50,50,50,50,50,50,50,50,50,50,50,50,50,,,,,,,,,,,,,,,,,,,,,,,,,
Game 20,Steam,Atari,,$4.99,,,,,,,,,,,,,,,,,,,,,60,60,60,60,60,60,60,,,,,,,,,,,,,,
Game 21,Steam,Atari,,$24.99,,,,,,,,,,,,,,,,,,,,,80,80,80,80,80,80,80,,,,,,,,,,,,,,
,Nintendo,Atari,,$24.99,,,,,,,,,,,,,,,,,,,,,,,,,,,,,,,,,,,,,,,,,
,Sony,Atari,,$24.99,60,60,60,60,60,60,60,60,60,,,,,,,,,,,,,,,,,,,,,,,,,,,,,55,55,55,55
Game 22,Steam,Atari,,$5.99,,,,,,,,,,,,,,,,,,,,,80,80,80,80,80,80,80,,,,,,,,,,,,,,
Game 23,Steam,Atari,,$5.99,,,,,,,,,,,,,,,,,,,,,80,80,80,80,80,80,80,,,,,,,,,,,,,,
Game 24,Steam,Atari,,$7.99,,,,,,,,,,,,,,,,,,,,,80,80,80,80,80,80,80,,,,,,,,,,,,,,
Game 25,Steam,Atari,3/9/2023,$9.99,,,,,,,,,,,,,,,,,,,,,,,,,,,,,,,,,,,,,,,,,
,Nintendo,Atari,3/9/2023,$9.99,,,,,,,,,,,,,,,,,,,,,,,,50,50,50,50,50,50,50,50,50,50,50,50,50,50,,,,
,Sony,Atari,3/9/2023,$9.99,,50,50,50,50,50,50,50,50,50,50,50,50,50,50,50,,,,,,,,,,,,,,,,,,,,,,,,,
Game 26,Steam,Atari,9/29/2021,$9.99,,,,,,,,,,,,,,,,,,,,,50,50,50,50,50,50,50,,,,,,,,,,,,,,
,Nintendo,Atari,9/29/2021,$9.99,,,,,,,,,,,,,,,,,,,,,,,,50,50,50,50,50,50,50,50,50,50,50,50,50,50,,,,
,Sony,Atari,9/29/2021,$9.99,,50,50,50,50,50,50,50,50,50,50,50,50,50,50,50,,,,,,,,,,,,,,,,,,,,,,,,,
Game 27,Steam,Atari,,$6.99,,,,,,,,,,,,,,,,,,,,,86,86,86,86,86,86,86,,,,,,,,,,,,,,
Game 28,Steam,Atari,,$5.99,,,,,,,,,,,,,,,,,,,,,80,80,80,80,80,80,80,,,,,,,,,,,,,,
Game 29,Steam,Atari,,$6.99,,,,,,,,,,,,,,,,,,,,,86,86,86,86,86,86,86,,,,,,,,,,,,,,
Game 30,Steam,Atari,,$6.99,,,,,,,,,,,,,,,,,,,,,66,66,66,66,66,66,66,,,,,,,,,,,,,,
Game 31,Steam,Atari,,$6.99,,,,,,,,,,,,,,,,,,,,,66,66,66,66,66,66,66,,,,,,,,,,,,,,
Game 32,Steam,Atari,9/21/2023,$29.99,,,,,,,,,,,,,,,,,,,,,,,,,,,,,,,,,,,,,,,,,
,Nintendo,Atari,9/21/2023,$29.99,,,,,,,,,,,,,,,,,,,,,,,,35,35,35,35,35,35,35,35,35,35,35,35,35,35,,,,
,Sony,Atari,9/21/2023,$29.99,,40,40,40,40,40,40,40,40,40,40,40,40,40,40,40,,,,,,,,,,,,,,,,,,,,,,40,40,40,40
Game 33,Steam,Atari,,$6.99,,,,,,,,,,,,,,,,,,,,,86,86,86,86,86,86,86,,,,,,,,,,,,,,
Game 34,Steam,Atari,,$6.99,,,,,,,,,,,,,,,,,,,,,86,86,86,86,86,86,86,,,,,,,,,,,,,,
Game 35,Steam,Atari,,$6.99,,,,,,,,,,,,,,,,,,,,,50,50,50,50,50,50,50,,,,,,,,,,,,,,
Game 36,Steam,Atari,,$6.99,,,,,,,,,,,,,,,,,,,,,50,50,50,50,50,50,50,,,,,,,,,,,,,,
Game 37,Steam,Atari,,$6.99,,,,,,,,,,,,,,,,,,,,,86,86,86,86,86,86,86,,,,,,,,,,,,,,
Game 38,Steam,Atari,,$7.99,,,,,,,,,,,,,,,,,,,,,60,60,60,60,60,60,60,,,,,,,,,,,,,,
Game 39,Steam,Atari,,$7.99,,,,,,,,,,,,,,,,,,,,,66,66,66,66,66,66,66,,,,,,,,,,,,,,
Game 40,Steam,Atari,,$6.99,,,,,,,,,,,,,,,,,,,,,86,86,86,86,86,86,86,,,,,,,,,,,,,,
Game 41,Steam,Atari,,$9.99,,,,,,,,,,,,,,,,,,,,,70,70,70,70,70,70,70,,,,,,,,,,,,,,
Game 42,Steam,Atari,,$6.99,,,,,,,,,,,,,,,,,,,,,86,86,86,86,86,86,86,,,,,,,,,,,,,,
Game 43,Steam,Atari,,$4.99,,,,,,,,,,,,,,,,,,,,,75,75,75,75,75,75,75,,,,,,,,,,,,,,
,Nintendo,Atari,,$4.99,,,,,,,,,,,,,,,,,,,,,,,,30,30,30,30,30,30,30,30,30,30,30,30,30,30,,,,
Game 44,Steam,Atari,,$6.99,,,,,,,,,,,,,,,,,,,,,86,86,86,86,86,86,86,,,,,,,,,,,,,,
Game 44,Steam,Atari,,$6.99,,,,,,,,,,,,,,,,,,,,,86,86,86,86,86,86,86,,,,,,,,,,,,,,
Game 45,Steam,Atari,6/2/2022,$9.99,,,,,,,,,,,,,,,,,,,,,50,50,50,50,50,50,50,,,,,,,,,,,,,,
,Nintendo,Atari,6/6/2022,$9.99,,,,,,,,,,,,,,,,,,,,,,,,50,50,50,50,50,50,50,50,50,50,50,50,50,50,,,,
,Sony,Atari,6/9/2022,$9.99,,50,50,50,50,50,50,50,50,50,50,50,50,50,50,50,,,,,,,,,,,,,,,,,,,,,,,,,
Game 46,Steam,Atari,,$6.99,,,,,,,,,,,,,,,,,,,,,50,50,50,50,50,50,50,,,,,,,,,,,,,,
Game 47,Steam,Atari,,$9.99,,,,,,,,,,,,,,,,,,,,,20,20,20,20,20,20,20,,,,,,,,,,,,,,
Game 48,Steam,Atari,,$9.99,,,,,,,,,,,,,,,,,,,,,20,20,20,20,20,20,20,,,,,,,,,,,,,,
Game 49,Steam,Atari,,$6.99,,,,,,,,,,,,,,,,,,,,,66,66,66,66,66,66,66,,,,,,,,,,,,,,
Game 50,Steam,Atari,,$5.99,,,,,,,,,,,,,,,,,,,,,65,65,65,65,65,65,65,,,,,,,,,,,,,,
Game 51,Steam,Atari,10/12/2023,$19.99,,,,,,,,,,,,,,,,,,,,,,,,,,,,,,,,,,,,,,,,,
,Nintendo,Atari,10/12/2023,$19.99,,,,,,,,,,,,,,,,,,,,,,,,35,35,35,35,35,35,35,35,35,35,35,35,35,35,,,,
,Sony,Atari,10/12/2023,$19.99,,40,40,40,40,40,40,40,40,40,40,40,40,40,40,40,,,,,,,,,,,,,,,,,,,,,,40,40,40,40
Game 52,Steam,Atari,,$9.99,,,,,,,,,,,,,,,,,,,,,70,70,70,70,70,70,70,,,,,,,,,,,,,,
,Nintendo,Atari,,$9.99,,,,,,,,,,,,,,,,,,,,,,,,,,,,,,,,,,,,,,,,,
Game 53,Steam,Atari,,$6.99,,,,,,,,,,,,,,,,,,,,,65,65,65,65,65,65,65,,,,,,,,,,,,,,
Game 54,Steam,Atari,,$6.99,,,,,,,,,,,,,,,,,,,,,86,86,86,86,86,86,86,,,,,,,,,,,,,,
Game 55,Steam,Atari,,$5.99,,,,,,,,,,,,,,,,,,,,,80,80,80,80,80,80,80,,,,,,,,,,,,,,
Game 56,Steam,Atari,,$5.99,,,,,,,,,,,,,,,,,,,,,85,85,85,85,85,85,85,,,,,,,,,,,,,,
Game 57,Steam,Atari,,$6.99,,,,,,,,,,,,,,,,,,,,,86,86,86,86,86,86,86,,,,,,,,,,,,,,
Game 58,Steam,Atari,4/7/2022,$14.99,,,,,,,,,,,,,,,,,,,,,66,66,66,66,66,66,66,,,,,,,,,,,,,,
,Nintendo,Atari,4/7/2022,$14.99,,,,,,,,,,,,,,,,,,,,,,,,50,50,50,50,50,50,50,50,50,50,50,50,50,50,,,,
,Sony,Atari,4/7/2022,$14.99,,60,60,60,60,60,60,60,60,60,60,60,60,60,60,60,,,,,,,,,,,,,,,,,,,,,,,,,
Game 59,Steam,Atari,,$5.99,,,,,,,,,,,,,,,,,,,,,20,20,20,20,20,20,20,,,,,,,,,,,,,,
Game 60,Steam,Atari,4/23/2024,$29.99,,,,,,,,,,20,20,20,20,20,20,20,,,,,,,,,,,,,,,,,,,,,,,,,
,Nintendo,Atari,4/23/2024,$29.99,,,,,,,,,,10,10,10,10,10,10,10,,,,,,,,,,,,,,,,,,,,,,,,,
,Sony,Atari,4/23/2024,$29.99,,,,,,,,,,,,,,,,,,,,,,,20,20,20,20,20,20,20,20,20,20,20,20,20,20,20,,,,
Game 61,Steam,Atari,11/1/2022,$9.99,,,,,,,,,,,,,,,,,,,,,50,50,50,50,50,50,50,,,,,,,,,,,,,,
,Nintendo,Atari,11/1/2022,$9.99,,,,,,,,,,,,,,,,,,,,,,,,50,50,50,50,50,50,50,50,50,50,50,50,50,50,,,,
,Sony,Atari,11/1/2022,$9.99,,50,50,50,50,50,50,50,50,50,50,50,50,50,50,50,,,,,,,,,,,,,,,,,,,,,,,,,
Game 62,Steam,Atari,7/25/2023,$24.99,,,,,,,,,,,,,,,,,,,,,40,40,40,40,40,40,40,,,,,,,,,,,,,,
,Nintendo,Atari,7/25/2023,$24.99,,,,,,,,,,,,,,,,,,,,,,,,30,30,30,30,30,30,30,30,30,30,30,30,30,30,,,,
,Sony,Atari,7/25/2023,$24.99,,30,30,30,30,30,30,30,30,30,30,30,30,30,30,30,,,,,,,,,,,,,,,,,,,,,,30,30,30,30
Game 63,Steam,Atari,,$6.99,,,,,,,,,,,,,,,,,,,,,70,70,70,70,70,70,70,,,,,,,,,,,,,,
Game 64,Steam,Atari,6/17/2023,$24.99,,,,,,,,,,,,,,,,,,,,,,,,,,,,,,,,,,,,,,,,,
,Sony,Atari,6/17/2023,$24.99,,,,,,,,,,,,,,,,,,,,,,,40,40,40,40,40,40,40,40,40,40,40,40,40,40,40,,,,
Game 65,Steam,Atari,,$14.99,,,,,,,,,,,,,,,,,,,,,75,75,75,75,75,75,75,,,,,,,,,,,,,,
,Nintendo,Atari,,$14.99,,,,,,,,,,,,,,,,,,,,,,,,50,50,50,50,50,50,50,50,50,50,50,50,50,50,,,,
,Sony,Atari,,$14.99,,60,60,60,60,60,60,60,60,60,60,60,60,60,60,60,,,,,,,,,,,,,,,,,,,,,,,,,
Game 66,Steam,Atari,2/4/2021,$6.99,,,,,,,,,,,,,,,,,,,,,50,50,50,50,50,50,50,,,,,,,,,,,,,,
Game 67,Steam,Atari,6/9/2023,$9.99,,,,,,,,,,,,,,,,,,,,,50,50,50,50,50,50,50,,,,,,,,,,,,,,
,Nintendo,Atari,6/9/2023,$9.99,,,,,,,,,,,,,,,,,,,,,,,,45,45,45,45,45,45,45,45,45,45,45,45,45,45,,,,
,Sony,Atari,6/9/2023,$9.99,,50,50,50,50,50,50,50,50,50,50,50,50,50,50,50,,,,,,,,,,,,,,,,,,,,,,,,,
Game 68,Steam,Atari,,$6.99,,,,,,,,,,,,,,,,,,,,,86,86,86,86,86,86,86,,,,,,,,,,,,,,
Game 69,Steam,Atari,,$6.99,,,,,,,,,,,,,,,,,,,,,86,86,86,86,86,86,86,,,,,,,,,,,,,,
Game 70,Steam,Atari,,$9.99,,,,,,,,,,,,,,,,,,,,,75,75,75,75,75,75,75,,,,,,,,,,,,,,
Game 71,Steam,Atari,,$19.99,,,,,,,,,,,,,,,,,,,,,75,75,75,75,75,75,75,,,,,,,,,,,,,,
Game 72,Steam,Atari,,$5.99,,,,,,,,,,,,,,,,,,,,,75,75,75,75,75,75,75,,,,,,,,,,,,,,
Game 73,Steam,Atari,,$14.99,,,,,,,,,,,,,,,,,,,,,80,80,80,80,80,80,80,,,,,,,,,,,,,,
Game 74,Steam,Atari,,$19.99,,,,,,,,,,,,,,,,,,,,,66,66,66,66,66,66,66,,,,,,,,,,,,,,
Game 75,Steam,Atari,,$6.99,,,,,,,,,,,,,,,,,,,,,86,86,86,86,86,86,86,,,,,,,,,,,,,,
Game 76,Steam,Atari,,$6.99,,,,,,,,,,,,,,,,,,,,,70,70,70,70,70,70,70,,,,,,,,,,,,,,
Game 77,Steam,Atari,,$6.99,,,,,,,,,,,,,,,,,,,,,70,70,70,70,70,70,70,,,,,,,,,,,,,,
Game 78,Steam,Atari,,$6.99,,,,,,,,,,,,,,,,,,,,,86,86,86,86,86,86,86,,,,,,,,,,,,,,
Game 79,Steam,Atari,,$6.99,,,,,,,,,,,,,,,,,,,,,86,86,86,86,86,86,86,,,,,,,,,,,,,,
Game 80,Steam,Atari,,$6.99,,,,,,,,,,,,,,,,,,,,,66,66,66,66,66,66,66,,,,,,,,,,,,,,
Game 81,Steam,Atari,,$9.99,,,,,,,,,,,,,,,,,,,,,80,80,80,80,80,80,80,,,,,,,,,,,,,,
Game 82,Steam,Atari,,$6.99,,,,,,,,,,,,,,,,,,,,,86,86,86,86,86,86,86,,,,,,,,,,,,,,
Game 83,Steam,Atari,,$6.99,,,,,,,,,,,,,,,,,,,,,86,86,86,86,86,86,86,,,,,,,,,,,,,,
Game 84,Steam,Atari,,$9.99,,,,,,,,,,,,,,,,,,,,,80,80,80,80,80,80,80,,,,,,,,,,,,,,
,Nintendo,Atari,,$14.99,,,,,,,,,,,,,,,,,,,,,,,,,,,,,,,,,,,,,,,,,
,Sony,Atari,,$14.99,,,,,,,,,,,,,,,,,,,,,,,,,,,,,,,,,,,,,,60,60,60,60
Game 85,Steam,Atari,,$4.99,,,,,,,,,,,,,,,,,,,,,,,,,,,,,,,,,,,,,,,,,
Game 86,Steam,Atari,,$5.99,,,,,,,,,,,,,,,,,,,,,85,85,85,85,85,85,85,,,,,,,,,,,,,,
Game 87,Steam,Atari,,$1.99,,,,,,,,,,,,,,,,,,,,,40,40,40,40,40,40,40,,,,,,,,,,,,,,
Game 88,Steam,Atari,,$6.99,,,,,,,,,,,,,,,,,,,,,86,86,86,86,86,86,86,,,,,,,,,,,,,,
Game 89,Steam,Atari,,$6.99,,,,,,,,,,,,,,,,,,,,,86,86,86,86,86,86,86,,,,,,,,,,,,,,
Game 90,Steam,Atari,7/7/2018,$19.99,,,,,,,,,,,,,,,,,,,,,80,80,80,80,80,80,80,,,,,,,,,,,,,,
,Nintendo,Atari,7/7/2018,$19.99,,,,,,,,,,,,,,,,,,,,,,,,50,50,50,50,50,50,50,50,50,50,50,50,50,50,,,,
,Sony,Atari,7/7/2018,$19.99,,,,,,,,,,,,,,,,,,,,,,,,,,,,,,,,,,,,,,65,65,65,65
Game 91,Steam,Atari,,$6.99,,,,,,,,,,,,,,,,,,,,,66,66,66,66,66,66,66,,,,,,,,,,,,,,
Game 92,Steam,Atari,,$6.99,,,,,,,,,,,,,,,,,,,,,86,86,86,86,86,86,86,,,,,,,,,,,,,,
Game 93,Steam,Atari,,$9.99,,,,,,,,,,,,,,,,,,,,,86,86,86,86,86,86,86,,,,,,,,,,,,,,
Game 94,Steam,Atari,,$6.99,,,,,,,,,,,,,,,,,,,,,20,20,20,20,20,20,20,,,,,,,,,,,,,,
Game 95,Steam,Atari,,$4.99,,,,,,,,,,,,,,,,,,,,,80,80,80,80,80,80,80,,,,,,,,,,,,,,
Game 96,Steam,Atari,8/23/2022,$9.99,,,,,,,,,,,,,,,,,,,,,50,50,50,50,50,50,50,,,,,,,,,,,,,,
,Nintendo,Atari,8/23/2022,$9.99,,,,,,,,,,,,,,,,,,,,,,,,50,50,50,50,50,50,50,50,50,50,50,50,50,50,,,,
,Sony,Atari,8/23/2022,$9.99,,,,,,,,,,,,,,,,,,,,,,,,,,,,,,,,,,,,,,50,50,50,50
Game 97,Steam,Atari,,$6.99,,,,,,,,,,,,,,,,,,,,,20,20,20,20,20,20,20,,,,,,,,,,,,,,
Game 98,Steam,Digital Eclipse,,$4.99,,,,,,,,,,,,,,,,,,,,,,,,25,25,25,25,25,25,25,25,25,25,25,25,25,25,,,,
Game 99,Steam,Digital Eclipse,,$4.99,,,,,,,,,,,,,,,,,,,,,,,,25,25,25,25,25,25,25,25,25,25,25,25,25,25,,,,
Game 100,Steam,Digital Eclipse,,$4.99,,,,,,,,,,,,,,,,,,,,,,,,25,25,25,25,25,25,25,25,25,25,25,25,25,25,,,,
Game 101,Steam,Digital Eclipse,,$4.99,,,,,,,,,,,,,,,,,,,,,,,,25,25,25,25,25,25,25,25,25,25,25,25,25,25,,,,
Game 102,Steam,Digital Eclipse,3/13/2024,$29.99,,,,,,,,,,,,,,,,,,,,,,,,20,20,20,20,20,20,20,20,20,20,20,20,20,20,,,,
,Nintendo,Digital Eclipse,3/13/2024,$29.99,,,,,,,,,,,,,,,,,,,,,,,,,,,,,,,,,,,,,,,,,
,Sony,Digital Eclipse,3/13/2024,$29.99,,,,,,,,,,,,,,,,,,,,,,,,,,,,,,,,,,,,,,25,25,25,25
Game 103,Steam,Digital Eclipse,,$14.99,,,,,,,,,,,,,,,,,,,,,,,,80,80,80,80,80,80,80,80,80,80,80,80,80,80,,,,
Game 104,Steam,Digital Eclipse,,$4.99,,,,,,,,,,,,,,,,,,,,,,,,80,80,80,80,80,80,80,80,80,80,80,80,80,80,,,,
Game 105,Steam,Digital Eclipse,8/29/2023,$19.99,,,,,,,,,,,,,,,,,,,,,,,,20,20,20,20,20,20,20,20,20,20,20,20,20,20,,,,
,Nintendo,Digital Eclipse,8/29/2023,$19.99,,,,,,,,,,,,,,,,,,,,,,,,,,,,,,,,,,,,,,,,,
,Sony,Digital Eclipse,8/29/2023,$19.99,,,,,,,,,,,,,,,,,,,,,,,,,,,,,,,,,,,,,,25,25,25,25
Game 106,Steam,Digital Eclipse,5/23/2024,$34.99,,,,,,,,,,,,,,,,,,,,,,,,,,,,,,,,,,,,,,,,,20
,Nintendo,Digital Eclipse,5/23/2024,$39.99,,,,,,,,,,,,,,,,,,,,,,,,,,,,,,,,,,,,,,,,,
,Sony,Digital Eclipse,5/23/2024,$39.99,,,,,,,,,,,,,,,,,,,,,,,,,,,,,,,,,,,,,,25,25,25,25
Game 107,Steam,Nightdive,,$5.99,,,,,,,,,,,,,,,,,,,,,85,85,85,85,85,85,85,,,,,,,,,,,,,,
Game 108,Steam,Nightdive,,$9.99,,,,,,,,,,,,,,,,,,,,,65,65,65,65,65,65,65,,,,,,,,,,,,,,
,Nintendo,Nightdive,,$9.99,,,,,,,,,,,,,,,,,,,,,,,,,,,,,,,,,,,,,,,,,
,Sony,Nightdive,,$9.99,,,,,,,,,,,,,,,,,,,,,,,,,,,,,,,,,,,,,,,,,
Game 109,Steam,Nightdive,,$19.99,,,,,,,,,,,,,,,,,,,,,75,75,75,75,75,75,75,,,,,,,,,,,,,,
Game 110,Steam,Nightdive,,$5.99,,,,,,,,,,,,,,,,,,,,,86,86,86,86,86,86,86,,,,,,,,,,,,,,
Game 111,Steam,Nightdive,,$5.99,,,,,,,,,,,,,,,,,,,,,85,85,85,85,85,85,85,,,,,,,,,,,,,,
Game 112,Steam,Nightdive,,$5.99,,,,,,,,,,,,,,,,,,,,,85,85,85,85,85,85,85,,,,,,,,,,,,,,
Game 113,Steam,Nightdive,,$5.99,,,,,,,,,,,,,,,,,,,,,85,85,85,85,85,85,85,,,,,,,,,,,,,,
Game 114,Steam,Nightdive,,$5.99,,,,,,,,,,,,,,,,,,,,,85,85,85,85,85,85,85,,,,,,,,,,,,,,
Game 115,Steam,Nightdive,,$9.99,,,,,,,,,,,,,,,,,,,,,75,75,75,75,75,75,75,,,,,,,,,,,,,,
Game 116,Steam,Nightdive,5/16/2024,$19.99,,,,,,,,,,,,,,,,,,,,,,,,,,,,,,,,,,,,,,,,,
,Nintendo,Nightdive,5/16/2024,$19.99,,,,,,,,,,,,,,,,,,,,,,,,,,,,,,,,,,,,,,,,,
,Sony,Nightdive,5/16/2024,$19.99,,,,,,,,,,,,,,,,,,,,,,,,,,,,,,,,,,,,,,10,10,10,10
Game 117,Steam,Nightdive,2/10/2022,$19.99,,,,,,,,,,,,,,,,,,,,,50,50,50,50,50,50,50,,,,,,,,,,,,,,
,Nintendo,Nightdive,2/10/2022,$19.99,,,,,,,,,,,,,,,,,,,,,,,,,,,,,,,,,,,,,,,,,
,Sony,Nightdive,2/10/2022,$19.99,,,,,,,,,,,,,,,,,,,,,,,,,,,,,,,,,,,,,,,,,
Game 118,Steam,Nightdive,7/31/2023,$19.99,,,,,,,,,,,,,,,,,,,,,50,50,50,50,50,50,50,,,,,,,,,,,,,,
,Nintendo,Nightdive,7/31/2023,$19.99,,,,,,,,,,,,,,,,,,,,,,,,,,,,,,,,,,,,,,,,,
,Sony,Nightdive,7/31/2023,$19.99,,,,,,,,,,,,,,,,,,,,,,,,,,,,,,,,,,,,,,,,,
Game 119,Steam,Nightdive,4/15/2021,$19.99,,,,,,,,,,,,,,,,,,,,,50,50,50,50,50,50,50,,,,,,,,,,,,,,
,Nintendo,Nightdive,4/15/2021,$19.99,,,,,,,,,,,,,,,,,,,,,,,,,,,,,,,,,,,,,,,,,
,Sony,Nightdive,4/15/2021,$19.99,,,,,,,,,,,,,,,,,,,,,,,,,,,,,,,,,,,,,,,,,
Game 120,Steam,Nightdive,,$9.99,,,,,,,,,,,,,,,,,,,,,75,75,75,75,75,75,75,,,,,,,,,,,,,,
Game 121,Steam,Nightdive,,$5.99,,,,,,,,,,,,,,,,,,,,,85,85,85,85,85,85,85,,,,,,,,,,,,,,
Game 122,Steam,Nightdive,2/28/2024,$29.99,,,,,,,,,,,,,,,,,,,,,,,,,,,,,,,,,,,,,,,,,
,Nintendo,Nightdive,2/28/2024,$29.99,,,,,,,,,,,,,,,,,,,,,,,,,,,,,,,,,,,,,,,,,
,Sony,Nightdive,2/28/2024,$29.99,,,,,,,,,,,,,,,,,,,,,,,,,,,,,,,,,,,,,,25,25,25,25
Game 123,Steam,Nightdive,,$5.99,,,,,,,,,,,,,,,,,,,,,85,85,85,85,85,85,85,,,,,,,,,,,,,,
Game 124,Steam,Nightdive,,$9.99,,,,,,,,,,,,,,,,,,,,,75,75,75,75,75,75,75,,,,,,,,,,,,,,
,Nintendo,Nightdive,,$4.99,,,,,,,,,,,,,,,,,,,,,,,,,,,,,,,,,,,,,,,,,
Game 125,Steam,Nightdive,5/10/2013,$9.99,,,,,,,,,,,,,,,,,,,,,75,75,75,75,75,75,75,,,,,,,,,,,,,,
Game 126,Steam,Nightdive,9/22/2015,$9.99,,,,,,,,,,,,,,,,,,,,,85,85,85,85,85,85,85,,,,,,,,,,,,,,
Game 127,Steam,Nightdive,,$19.99,,,,,,,,,,,,,,,,,,,,,,,,,,,,,,,,,,,,,,,,,
Game 128,Steam,Nightdive,9/22/2015,$9.99,,,,,,,,,,,,,,,,,,,,,50,50,50,50,50,50,50,,,,,,,,,,,,,,
Game 129,Steam,Nightdive,,$5.99,,,,,,,,,,,,,,,,,,,,,85,85,85,85,85,85,85,,,,,,,,,,,,,,
Game 130,Steam,Nightdive,,$5.99,,,,,,,,,,,,,,,,,,,,,85,85,85,85,85,85,85,,,,,,,,,,,,,,
Game 131,Steam,Nightdive,,$29.99,,,,,,,,,,,,,,,,,,,,,,,,,,,,,,,,,,,,,,,,,
Game 132,Steam,Nightdive,,$5.99,,,,,,,,,,,,,,,,,,,,,85,85,85,85,85,85,85,,,,,,,,,,,,,,
Game 133,Steam,Nightdive,,$5.99,,,,,,,,,,,,,,,,,,,,,85,85,85,85,85,85,85,,,,,,,,,,,,,,
Game 134,Steam,Nightdive,,$9.99,,,,,,,,,,,,,,,,,,,,,85,85,85,85,85,85,85,,,,,,,,,,,,,,
Game 135,Steam,Nightdive,,$9.99,,,,,,,,,,,,,,,,,,,,,85,85,85,85,85,85,85,,,,,,,,,,,,,,
Game 136,Steam,Nightdive,,$9.99,,,,,,,,,,,,,,,,,,,,,,,,,,,,,,,,,,,,,,,,,
Game 137,Steam,Nightdive,,$5.99,,,,,,,,,,,,,,,,,,,,,85,85,85,85,85,85,85,,,,,,,,,,,,,,
Game 138,Steam,Nightdive,,$5.99,,,,,,,,,,,,,,,,,,,,,85,85,85,85,85,85,85,,,,,,,,,,,,,,
Game 139,Steam,Nightdive,,$5.99,,,,,,,,,,,,,,,,,,,,,85,85,85,85,85,85,85,,,,,,,,,,,,,,
Game 140,Steam,Nightdive,,$5.99,,,,,,,,,,,,,,,,,,,,,85,85,85,85,85,85,85,,,,,,,,,,,,,,
Game 141,Steam,Nightdive,,$9.99,,,,,,,,,,,,,,,,,,,,,85,85,85,85,85,85,85,,,,,,,,,,,,,,
Game 142,Steam,Nightdive,,$19.99,,,,,,,,,,,,,,,,,,,,,75,75,75,75,75,75,75,,,,,,,,,,,,,,
,Nintendo,Nightdive,,$19.99,,,,,,,,,,,,,,,,,,,,,,,,,,,,,,,,,,,,,,,,,
,Sony,Nightdive,,$19.99,,,,,,,,,,,,,,,,,,,,,,,,,,,,,,,,,,,,,,,,,
Game 143,Steam,Nightdive,,$19.99,,,,,,,,,,,,,,,,,,,,,65,65,65,65,65,65,65,,,,,,,,,,,,,,
,Nintendo,Nightdive,,$19.99,,,,,,,,,,,,,,,,,,,,,,,,,,,,,,,,,,,,,,,,,
,Sony,Nightdive,,$19.99,,,,,,,,,,,,,,,,,,,,,,,,,,,,,,,,,,,,,,25,25,25,25
Game 144,Steam,Nightdive,11/30/2023,$29.99,,,,,,,,,,,,,,,,,,,,,25,25,25,25,25,25,25,,,,,,,,,,,,,,
,Nintendo,Nightdive,11/30/2023,$29.99,,,,,,,,,,,,,,,,,,,,,,,,,,,,,,,,,,,,,,,,,
,Sony,Nightdive,11/30/2023,$29.99,,,,,,,,,,,,,,,,,,,,,,,,,,,,,,,,,,,,,,25,25,25,25
Game 145,Steam,Nightdive,,$4.99,,,,,,,,,,,,,,,,,,,,,80,80,80,80,80,80,80,,,,,,,,,,,,,,
Game 146,Steam,Nightdive,,$14.99,,,,,,,,,,,,,,,,,,,,,85,85,85,85,85,85,85,,,,,,,,,,,,,,
Game 147,Steam,Nightdive,,$9.99,,,,,,,,,,,,,,,,,,,,,85,85,85,85,85,85,85,,,,,,,,,,,,,,
Game 148,Steam,Nightdive,,$1.99,,,,,,,,,,,,,,,,,,,,,56,56,56,56,56,56,56,,,,,,,,,,,,,,
Game 149,Steam,Nightdive,,$5.99,,,,,,,,,,,,,,,,,,,,,85,85,85,85,85,85,85,,,,,,,,,,,,,,
Game 150,Steam,Nightdive,,$4.99,,,,,,,,,,,,,,,,,,,,,,,,,,,,,,,,,,,,,,,,,
